{"version":1,"notes":"My awesome keymap","documentation":"\"This file is a QMK Configurator export. You can import this at <https://config.qmk.fm>. It can also be used directly with QMK's source code.\n\nTo setup your QMK environment check out the tutorial: <https://docs.qmk.fm/#/newbs>\n\nYou can convert this file to a keymap.c using this command: `qmk json2c {keymap}`\n\nYou can compile this keymap using this command: `qmk compile {keymap}`\"\n","keyboard":"kyria/rev1","keymap":"pierrec83","layout":"LAYOUT","layers":[["KC_NO","KC_Q","KC_D","KC_R","KC_W","KC_B","KC_J","KC_F","KC_U","KC_P","KC_SCLN","KC_NO","KC_NO","LSFT_T(KC_A)","LT(5,KC_S)","LT(1,KC_H)","LT(3,KC_T)","KC_G","KC_Y","LT(4,KC_N)","LT(2,KC_E)","LT(6,KC_O)","LSFT_T(KC_I)","KC_NO","KC_NO","KC_Z","KC_X","KC_M","KC_C","KC_V","TG(2)","TG(2)","TG(1)","TG(1)","KC_K","KC_L","LALT_T(KC_COMM)","LCTL_T(KC_DOT)","KC_SLSH","KC_NO","KC_NO","KC_NO","LCA(KC_LEFT)","KC_BSPC","KC_NO","KC_NO","LT(7,KC_SPC)","LCA(KC_RGHT)","KC_NO","KC_NO"],["KC_TRNS","KC_TRNS","ANY(LCTL(LSFT(KC_C)))","KC_PGUP","ANY(LCTL(LSFT(KC_V)))","KC_TRNS","RGB_MOD","KC_BTN1","KC_WH_U","KC_BTN2","KC_TRNS","KC_TRNS","KC_TRNS","KC_TRNS","KC_BTN2","KC_NO","KC_BTN1","KC_TRNS","RGB_RMOD","KC_MS_L","KC_MS_D","KC_MS_U","KC_MS_R","KC_TRNS","KC_TRNS","KC_TRNS","KC_TRNS","KC_PGDN","KC_TRNS","KC_TRNS","TG(1)","TG(1)","KC_TRNS","KC_TRNS","RGB_TOG","KC_WH_L","KC_WH_D","KC_WH_R","KC_TRNS","KC_TRNS","KC_TRNS","KC_TRNS","ANY(LCTL(LSFT(KC_TAB)))","KC_TRNS","KC_TRNS","KC_TRNS","KC_TRNS","LCTL(KC_TAB)","KC_TRNS","KC_TRNS"],["KC_TRNS","KC_TRNS","KC_TRNS","KC_PGUP","KC_TRNS","KC_TRNS","RGB_MOD","KC_TRNS","KC_WH_U","KC_TRNS","KC_TRNS","KC_TRNS","KC_TRNS","KC_LEFT","KC_UP","KC_DOWN","KC_RGHT","KC_TRNS","RGB_RMOD","KC_LGUI","KC_NO","LCTL(KC_LALT)","LCA(KC_LSFT)","KC_TRNS","KC_TRNS","KC_TRNS","KC_HOME","KC_PGDN","KC_END","KC_TRNS","KC_TRNS","KC_TRNS","TG(2)","TG(2)","RGB_TOG","KC_TRNS","KC_WH_D","KC_TRNS","KC_TRNS","KC_TRNS","KC_TRNS","KC_TRNS","LGUI(KC_LEFT)","KC_TRNS","KC_TRNS","KC_TRNS","KC_TRNS","LGUI(KC_RGHT)","KC_TRNS","KC_TRNS"],["KC_TRNS","KC_TRNS","KC_TRNS","KC_TRNS","KC_TRNS","KC_TRNS","KC_TRNS","KC_UNDS","KC_PIPE","KC_QUOT","KC_TRNS","KC_TRNS","KC_TRNS","KC_CIRC","KC_ASTR","KC_AMPR","KC_NO","KC_TRNS","KC_HASH","KC_TILD","KC_SLSH","KC_DQUO","KC_DLR","KC_TRNS","KC_TRNS","KC_TRNS","KC_TRNS","KC_TRNS","KC_TRNS","KC_TRNS","KC_TRNS","KC_TRNS","KC_TRNS","KC_TRNS","KC_TRNS","KC_MINS","KC_BSLS","KC_GRV","KC_TRNS","KC_TRNS","KC_TRNS","KC_TRNS","KC_BRID","KC_TRNS","KC_TRNS","KC_TRNS","KC_TRNS","KC_BRIU","KC_TRNS","KC_TRNS"],["KC_TRNS","KC_TRNS","KC_COLN","KC_LT","KC_GT","KC_SCLN","KC_TRNS","KC_TRNS","KC_TRNS","KC_TRNS","KC_TRNS","KC_TRNS","KC_TRNS","KC_LCBR","KC_RCBR","KC_LPRN","KC_RPRN","KC_AT","KC_TRNS","KC_NO","KC_EQL","KC_PLUS","KC_PERC","KC_TRNS","KC_TRNS","KC_TRNS","KC_EXLM","KC_LBRC","KC_RBRC","KC_TRNS","KC_TRNS","KC_TRNS","KC_TRNS","KC_TRNS","KC_TRNS","KC_TRNS","KC_TRNS","KC_TRNS","KC_TRNS","KC_TRNS","KC_TRNS","KC_TRNS","KC_VOLD","KC_TRNS","KC_TRNS","KC_TRNS","KC_TRNS","KC_VOLU","KC_TRNS","KC_TRNS"],["KC_TRNS","KC_TRNS","KC_TRNS","KC_TRNS","KC_TRNS","KC_TRNS","KC_TRNS","KC_F7","KC_F8","KC_F9","KC_F10","KC_TRNS","KC_TRNS","KC_TRNS","KC_TRNS","KC_NO","KC_TRNS","KC_TRNS","KC_TRNS","KC_F4","KC_F5","KC_F6","KC_F11","KC_TRNS","KC_TRNS","KC_TRNS","KC_TRNS","KC_TRNS","KC_TRNS","KC_TRNS","KC_TRNS","KC_TRNS","KC_TRNS","KC_TRNS","KC_TRNS","KC_F1","KC_F2","KC_F3","KC_F12","KC_TRNS","KC_TRNS","KC_TRNS","KC_TRNS","KC_TRNS","KC_TRNS","KC_TRNS","LCTL(KC_LALT)","KC_TRNS","KC_TRNS","KC_TRNS"],["KC_TRNS","KC_PSLS","KC_7","KC_8","KC_9","KC_PPLS","KC_TRNS","KC_TRNS","KC_TRNS","KC_TRNS","KC_TRNS","KC_TRNS","KC_TRNS","KC_0","KC_4","KC_5","KC_6","KC_PMNS","KC_TRNS","KC_TRNS","KC_NO","KC_TRNS","KC_TRNS","KC_TRNS","KC_TRNS","KC_PAST","KC_1","KC_2","KC_3","KC_PEQL","KC_TRNS","KC_TRNS","KC_TRNS","KC_TRNS","KC_TRNS","KC_TRNS","KC_TRNS","KC_TRNS","KC_TRNS","KC_TRNS","KC_TRNS","KC_TRNS","KC_TRNS","KC_TRNS","KC_TRNS","KC_TRNS","KC_TRNS","KC_TRNS","KC_TRNS","KC_TRNS"],["KC_TRNS","KC_TRNS","KC_ESC","KC_COLN","KC_TRNS","KC_TRNS","KC_TRNS","KC_TRNS","KC_TRNS","KC_TRNS","KC_DEL","KC_TRNS","KC_TRNS","KC_TRNS","KC_PERC","KC_SLSH","KC_ENT","KC_EXLM","KC_TRNS","KC_LGUI","KC_TRNS","KC_TRNS","KC_TRNS","KC_TRNS","KC_TRNS","KC_TRNS","KC_TRNS","KC_TRNS","KC_TRNS","KC_TRNS","KC_TRNS","KC_TRNS","KC_TRNS","KC_TRNS","KC_TRNS","KC_TRNS","RALT_T(KC_COMM)","RCTL_T(KC_DOT)","KC_TRNS","KC_TRNS","KC_TRNS","KC_TRNS","KC_TRNS","KC_TAB","KC_TRNS","KC_TRNS","KC_NO","KC_TRNS","KC_TRNS","KC_TRNS"]],"author":"Anonymous"}