{
    "keyboard_name": "Kyria",
    "url": "https://splitkb.com",
    "maintainer": "splitkb.com",
    "layouts": {
        "LAYOUT": {
            "layout": [
                {"x":0, "y":0.75},
                {"x":1, "y":0.75},
                {"x":2, "y":0.25},
                {"x":3, "y":0},
                {"x":4, "y":0.25},
                {"x":5, "y":0.5},
                {"x":10.5, "y":0.5},
                {"x":11.5, "y":0.25},
                {"x":12.5, "y":0},
                {"x":13.5, "y":0.25},
                {"x":14.5, "y":0.75},
                {"x":15.5, "y":0.75},
                {"x":0, "y":1.75},
                {"x":1, "y":1.75},
                {"x":2, "y":1.25},
                {"x":3, "y":1},
                {"x":4, "y":1.25},
                {"x":5, "y":1.5},
                {"x":10.5, "y":1.5},
                {"x":11.5, "y":1.25},
                {"x":12.5, "y":1},
                {"x":13.5, "y":1.25},
                {"x":14.5, "y":1.75},
                {"x":15.5, "y":1.75},
                {"x":0, "y":2.75},
                {"x":1, "y":2.75},
                {"x":2, "y":2.25},
                {"x":3, "y":2},
                {"x":4, "y":2.25},
                {"x":5, "y":2.5},
                {"x":6, "y":3},
                {"x":7, "y":3.25},
                {"x":8.5, "y":3.25},
                {"x":9.5, "y":3},
                {"x":10.5, "y":2.5},
                {"x":11.5, "y":2.25},
                {"x":12.5, "y":2},
                {"x":13.5, "y":2.25},
                {"x":14.5, "y":2.75},
                {"x":15.5, "y":2.75},
                {"x":2.5, "y":3.25},
                {"x":3.5, "y":3.25},
                {"x":4.5, "y":3.5},
                {"x":5.5, "y":4},
                {"x":6.5, "y":4.25},
                {"x":9, "y":4.25},
                {"x":10, "y":4},
                {"x":11, "y":3.5},
                {"x":12, "y":3.25},
                {"x":13, "y":3.25}
            ]
        }
    }
}
